Id,Nombre,HorasTrabajadas,Sueldo
1,Wii Sports,0,2006
2,Super Mario Bros.,0,1985
3,Mario Kart Wii,0,2008
4,Wii Sports Resort,0,2009
5,Pokemon Red/Pokemon Blue,0,1996
6,Tetris,0,1989
7,New Super Mario Bros.,0,2006
8,Wii Play,0,2006
9,New Super Mario Bros. Wii,0,2009
10,Duck Hunt,0,1984
11,Nintendogs,0,2005
12,Mario Kart DS,0,2005
13,Pokemon Gold/Pokemon Silver,0,1999
14,Wii Fit,0,2007
15,Wii Fit Plus,0,2009
16,Kinect Adventures!,0,2010
17,Grand Theft Auto V,0,2013
18,Grand Theft Auto: San Andreas,0,2004
19,Super Mario World,0,1990
20,Brain Age: Train Your Brain in Minutes a Day,0,2005
21,Pokemon Diamond/Pokemon Pearl,0,2006
22,Super Mario Land,0,1989
23,Super Mario Bros. 3,0,1988
24,Grand Theft Auto V,0,2013
25,Grand Theft Auto: Vice City,0,2002
26,Pokemon Ruby/Pokemon Sapphire,0,2002
27,Pokemon Black/Pokemon White,0,2010
28,Brain Age 2: More Training in Minutes a Day,0,2005
29,Gran Turismo 3: A-Spec,0,2001
30,Call of Duty: Modern Warfare 3,0,2011
31,Pokémon Yellow: Special Pikachu Edition,0,1998
32,Call of Duty: Black Ops,0,2010
33,Pokemon X/Pokemon Y,3,2013
34,Call of Duty: Black Ops 3,0,2015
35,Call of Duty: Black Ops II,0,2012
36,Call of Duty: Black Ops II,0,2012
37,Call of Duty: Modern Warfare 2,0,2009
38,Call of Duty: Modern Warfare 3,0,2011
39,Grand Theft Auto III,0,2001
40,Super Smash Bros. Brawl,0,2008
41,Call of Duty: Black Ops,0,2010
42,Animal Crossing: Wild World,0,2005
43,Mario Kart 7,3,2011
44,Halo 3,0,2007
45,Grand Theft Auto V,0,2014
46,Pokemon HeartGold/Pokemon SoulSilver,0,2009
47,Super Mario 64,0,1996
48,Gran Turismo 4,0,2004
49,Super Mario Galaxy,0,2007
50,Pokemon Omega Ruby/Pokemon Alpha Sapphire,3,2014
51,Super Mario Land 2: 6 Golden Coins,0,1992
52,Grand Theft Auto IV,0,2008
53,Gran Turismo,0,1997
54,Super Mario 3D Land,3,2011
55,Gran Turismo 5,0,2010
56,Call of Duty: Modern Warfare 2,0,2009
57,Grand Theft Auto IV,0,2008
58,Super Mario All-Stars,0,1993
59,Pokemon FireRed/Pokemon LeafGreen,0,2004
60,Super Mario 64,0,2004
61,Just Dance 3,0,2011
62,Call of Duty: Ghosts,0,2013
63,Halo: Reach,0,2010
64,Mario Kart 64,0,1996
65,New Super Mario Bros. 2,3,2012
66,Halo 4,0,2012
67,Final Fantasy VII,0,1997
68,Call of Duty: Ghosts,0,2013
69,Just Dance 2,0,2010
70,Gran Turismo 2,0,1999
71,Call of Duty 4: Modern Warfare,0,2007
72,Donkey Kong Country,0,1994
73,Minecraft,0,2013
74,Animal Crossing: New Leaf,3,2012
75,Mario Party DS,0,2007
76,The Elder Scrolls V: Skyrim,0,2011
77,Super Mario Kart,0,1992
78,FIFA 16,0,2015
79,Wii Party,0,2010
80,Halo 2,0,2004
81,Mario Party 8,0,2007
82,Pokemon Black 2/Pokemon White 2,0,2012
83,FIFA Soccer 13,0,2012
84,The Sims 3,0,2009
85,GoldenEye 007,0,1997
86,Mario & Sonic at the Olympic Games,0,2007
87,Final Fantasy X,0,2001
88,Final Fantasy VIII,0,1999
89,Pokémon Platinum Version,0,2008
90,Pac-Man,2600,1982
91,Grand Theft Auto: Liberty City Stories,0,2005
92,Super Mario Galaxy 2,0,2010
93,Star Wars Battlefront (2015),0,2015
94,Call of Duty: Advanced Warfare,0,2014
95,The Legend of Zelda: Ocarina of Time,0,1998
96,Crash Bandicoot 2: Cortex Strikes Back,0,1997
97,Super Mario Bros. 2,0,1988
98,Super Smash Bros. for Wii U and 3DS,3,2014
99,Call of Duty: World at War,0,2008
100,Battlefield 3,0,2011
101,The Legend of Zelda: Twilight Princess,0,2006
102,Call of Duty: Black Ops 3,0,2015
103,Just Dance,0,2009
104,Battlefield 3,0,2011
105,Need for Speed Underground,0,2003
106,Tekken 3,0,1998
107,Crash Bandicoot 3: Warped,0,1998
108,Super Smash Bros. Melee,0,2001
109,Mario Kart 8,0,2014
110,Fallout 4,0,2015
111,Mario Kart: Double Dash!!,0,2003
112,Just Dance 4,0,2012
113,FIFA 14,0,2013
114,Need for Speed Underground 2,0,2004
115,Medal of Honor: Frontline,0,2002
116,Uncharted 3: Drake's Deception,0,2011
117,Crash Bandicoot,0,1996
118,Zumba Fitness,0,2010
119,Gears of War 2,0,2008
120,Uncharted 2: Among Thieves,0,2009
121,Call of Duty 4: Modern Warfare,0,2007
122,FIFA 12,0,2011
123,Big Brain Academy,0,2005
124,Red Dead Redemption,0,2010
125,FIFA 15,0,2014
126,Donkey Kong Country Returns,0,2010
127,The Elder Scrolls V: Skyrim,0,2011
128,The Legend of Zelda,0,1986
129,Assassin's Creed III,0,2012
130,Halo: Combat Evolved,0,2001
131,Pokémon Emerald Version,0,2004
132,Kingdom Hearts,0,2002
133,Pokémon Crystal Version,0,2000
134,Halo 3: ODST,0,2009
135,Red Dead Redemption,0,2010
136,Super Mario Sunshine,0,2002
137,Street Fighter II: The World Warrior,0,1992
138,World of Warcraft,0,2004
139,Driver,0,1999
140,Kinect Sports,0,2010
141,Gears of War 3,0,2011
142,Gears of War,0,2006
143,Metal Gear Solid 2: Sons of Liberty,0,2001
144,Sonic the Hedgehog 2,0,1992
145,Metal Gear Solid 4: Guns of the Patriots,0,2008
146,Metal Gear Solid,0,1998
147,The Last of Us,0,2013
148,Final Fantasy XII,0,2006
149,LittleBigPlanet,0,2008
150,Dragon Quest IX: Sentinels of the Starry Skies,0,2009
151,LEGO Star Wars: The Complete Saga,0,2007
152,Resident Evil 2,0,1998
153,Tekken 2,0,1996
154,Cooking Mama,0,2006
155,Destiny,0,2014
156,Tetris,0,1988
157,Assassin's Creed II,0,2009
158,Super Smash Bros.,0,1999
159,Assassin's Creed,0,2007
160,Batman: Arkham City,0,2011
161,Forza Motorsport 3,0,2009
162,Monster Hunter Freedom Unite,0,2008
163,Super Mario Advance,0,2001
164,Mario Kart: Super Circuit,0,2001
165,Super Mario World,0,2001
166,Pokemon Stadium,0,1999
167,Call of Duty: World at War,0,2008
168,Crash Bandicoot: The Wrath of Cortex,0,2001
169,Minecraft,0,2014
170,Final Fantasy XIII,0,2009
171,Dr. Mario,0,1989
172,Pokemon Pinball,0,1999
173,Assassin's Creed III,0,2012
174,Final Fantasy IX,0,2000
175,Final Fantasy X-2,0,2003
176,Donkey Kong 64,0,1999
177,Assassin's Creed II,0,2009
178,Professor Layton and the Curious Village,0,2007
179,Tomb Raider II,0,1997
180,Madden NFL 2004,0,0
181,Dragon Quest VIII: Journey of the Cursed King,0,2004
182,Diablo III,0,2012
183,Super Mario Bros. 3,0,2003
184,New Super Mario Bros. U,0,2012
185,Super Mario Land 3: Wario Land,0,1994
186,FIFA Soccer 13,0,2012
187,The Legend of Zelda: Phantom Hourglass,0,2007
188,Donkey Kong Country 2: Diddy's Kong Quest,0,1995
189,Tomodachi Life,3,2013
190,Mario & Sonic at the Olympic Games,0,2008
191,Medal of Honor: Rising Sun,0,2003
192,Kirby's Dream Land,0,1992
193,Fable III,0,2010
194,Call of Duty: Advanced Warfare,0,2014
195,Microsoft Flight Simulator,0,1996
196,Guitar Hero II,0,2006
197,Resident Evil 5,0,2009
198,Grand Theft Auto V,0,2014
199,Grand Theft Auto: Vice City Stories,0,2006
200,FIFA Soccer 11,0,2010
201,Super Mario Bros.,0,1999
202,Resident Evil,0,1996
203,Tony Hawk's Pro Skater,0,1999
204,Super Smash Bros. for Wii U and 3DS,0,2014
205,Warzone 2100,0,1999
206,Spyro the Dragon,0,1998
207,Link's Crossbow Training,0,2007
208,Guitar Hero III: Legends of Rock,0,2007
209,Fallout 3,0,2008
210,Pokemon Mystery Dungeon: Explorers of Time/Explorers of Darkness,0,2007
211,Uncharted: Drake's Fortune,0,2007
212,Madden NFL 06,0,2005
213,LEGO Star Wars: The Complete Saga,0,2007
214,Diddy Kong Racing,0,1997
215,Monster Hunter Freedom 3,0,2010
216,Dr. Mario,0,1990
217,God of War III,0,2010
218,StarCraft II: Wings of Liberty,0,2010
219,Assassin's Creed,0,2007
220,FIFA 15,0,2014
221,Crash Team Racing,0,1999
222,FIFA 17,0,2016
223,Batman: Arkham City,0,2011
224,Driver 2,0,2000
225,The Simpsons: Hit & Run,0,2003
226,Tony Hawk's Pro Skater 2,0,2000
227,Animal Crossing: City Folk,0,2008
228,The Lord of the Rings: The Two Towers,0,2002
229,Forza Motorsport 4,0,2011
230,Tomb Raider,0,1996
231,Guitar Hero III: Legends of Rock,0,2007
232,The Legend of Zelda: A Link to the Past,0,1991
233,The Legend of Zelda: The Wind Waker,0,2002
234,Mario & Sonic at the Olympic Winter Games,0,2009
235,Luigi's Mansion: Dark Moon,3,2013
236,Splatoon,0,2015
237,The Last of Us,0,2014
238,Guitar Hero III: Legends of Rock,0,2007
239,Madden NFL 2005,0,2004
240,Pitfall!,2600,1981
241,Madden NFL 07,0,2006
242,Spider-Man: The Movie,0,2002
243,Dragon Quest VII: Warriors of Eden,0,2000
244,Uncharted: The Nathan Drake Collection,0,2015
245,Call of Duty: Advanced Warfare,0,2014
246,God of War,0,2005
247,Nintendo Land,0,2012
248,Michael Jackson: The Experience,0,2010
249,Tony Hawk's Pro Skater 3,0,2001
250,Winning Eleven: Pro Evolution Soccer 2007,0,2006
251,The Elder Scrolls IV: Oblivion,0,2006
252,Zelda II: The Adventure of Link,0,1987
253,Need for Speed: Most Wanted,0,2005
254,Resistance: Fall of Man,0,2006
255,Sonic the Hedgehog,0,1991
256,Kingdom Hearts II,0,2005
257,FIFA 14,0,2013
258,Call of Duty: Advanced Warfare,0,2014
259,Asteroids,2600,1980
260,Fable II,0,2008
261,Halo 5: Guardians,0,2015
262,Super Mario 3D World,0,2013
263,Batman: Arkham Asylum,0,2009
264,Assassin's Creed: Revelations,0,2011
265,Namco Museum,0,2001
266,Metal Gear Solid 3: Snake Eater,0,2004
267,Daxter,0,2006
268,Warcraft II: Tides of Darkness,0,1995
269,The Legend of Zelda: Ocarina of Time,3,2011
270,FIFA Soccer 06,0,2005
271,EyeToy Play,0,2003
272,Uncharted 4: A Thief's End,0,2016
273,Gran Turismo 5 Prologue,0,2007
274,Assassin's Creed: Revelations,0,2011
275,Street Fighter IV,0,2009
276,FIFA 12,0,2011
277,Teenage Mutant Ninja Turtles,0,1989
278,Excitebike,0,1984
279,Frogger,0,1997
280,Madden NFL 2003,0,2002
281,Watch Dogs,0,2014
282,Half-Life,0,1997
283,Super Mario World 2: Yoshi's Island,0,1995
284,FIFA Soccer 07,0,2006
285,The Legend of Zelda: Skyward Sword,0,2011
286,Street Fighter II Turbo,0,1992
287,Carnival Games,0,2007
288,Fallout 4,0,2015
289,World of Warcraft: The Burning Crusade,0,2007
290,Fallout: New Vegas,0,2010
291,God of War II,0,2007
292,Forza Motorsport 2,0,2007
293,World Soccer Winning Eleven 9,0,2005
294,Namco Museum Vol.3,0,1996
295,Tekken Tag Tournament,0,2000
296,Far Cry 4,0,2014
297,Star Fox 64,0,1997
298,Minecraft,0,2014
299,Golf,0,1984
300,Fallout 3,0,2008
301,Professor Layton and the Diabolical Box,0,2007
302,Left 4 Dead 2,0,2009
303,Namco Museum: 50th Anniversary,0,2005
304,EA Sports Active,0,2009
305,Assassin's Creed: Unity,0,2014
306,Donkey Kong Land,0,1994
307,Tony Hawk's Underground,0,2003
308,Assassin's Creed IV: Black Flag,0,2013
309,Monster Hunter 4 Ultimate,3,2014
310,MotorStorm,0,2006
311,The Elder Scrolls V: Skyrim,0,2011
312,Tekken 5,0,2005
313,Dragon Warrior III,0,1988
314,Sports Champions,0,2010
315,NBA 2K16,0,2015
316,World Soccer Winning Eleven 8 International,0,2004
317,Flash Focus: Vision Training in Minutes a Day,0,2007
318,Namco Museum Vol.1,0,1995
319,The Legend of Zelda: Link's Awakening,0,1992
320,Mario & Luigi: Bowser's Inside Story,0,2009
321,Big Brain Academy: Wii Degree,0,2007
322,Nintendogs + cats,3,2011
323,Batman: Arkham Knight,0,2015
324,Mario & Sonic at the London 2012 Olympic Games,0,2011
325,LEGO Indiana Jones: The Original Adventures,0,2008
326,Resident Evil Director's Cut,0,1996
327,Ratchet & Clank: Size Matters,0,2007
328,Just Dance 2014,0,2013
329,The Sims: Unleashed,0,2002
330,Super Paper Mario,0,2007
331,Harry Potter and the Sorcerer's Stone,0,2001
332,The Witcher 3: Wild Hunt,0,2015
333,Resident Evil 3: Nemesis,0,1999
334,Spyro: Year of the Dragon,0,2000
335,FIFA Soccer 2005,0,2004
336,Pokémon Trading Card Game,0,1998
337,Battlefield 4,0,2013
338,MySims,0,2007
339,Friend Collection,0,2009
340,Tony Hawk's Pro Skater 4,0,2002
341,Midnight Club 3: DUB Edition,0,2005
342,Banjo-Kazooie,0,1998
343,SOCOM: U.S. Navy SEALs,0,2002
344,Guitar Hero: World Tour,0,2008
345,Gran Turismo 6,0,2013
346,Jak and Daxter: The Precursor Legacy,0,2001
347,Pokemon Snap,0,1999
348,FIFA Soccer 10,0,2009
349,Pro Evolution Soccer 2008,0,2007
350,Call of Duty: Ghosts,0,2013
351,Resident Evil 4,0,2005
352,Tom Clancy's The Division,0,2016
353,Star Wars: Battlefront,0,2004
354,Doom II: Hell on Earth,0,1994
355,The Simpsons: Road Rage,0,2001
356,Cooking Mama 2: Dinner With Friends,0,2007
357,Luigi's Mansion,0,2001
358,Star Wars: Battlefront II,0,2005
359,WWF SmackDown!,0,2000
360,Croc: Legend of the Gobbos,0,1997
361,Grand Theft Auto: Liberty City Stories,0,2006
362,The Getaway,0,2002
363,Tomb Raider III: Adventures of Lara Croft,0,1997
364,James Bond 007: Agent Under Fire,0,2001
365,LEGO Star Wars: The Video Game,0,2005
366,Battlefield 4,0,2013
367,FIFA Soccer 11,0,2010
368,Rugrats in Paris: The Movie,0,2000
369,Spyro 2: Ripto's Rage!,0,1999
370,Left 4 Dead,0,2008
371,Mario & Sonic at the Olympic Winter Games,0,2009
372,Resident Evil 5,0,2009
373,Donkey Kong Country 3: Dixie Kong's Double Trouble!,0,1996
374,Assassin's Creed: Brotherhood,0,2010
375,Kung Fu,0,1985
376,Batman: Arkham Asylum,0,2009
377,Clubhouse Games,0,2006
378,FIFA Soccer 2004,0,0
379,Star Wars Battlefront (2015),0,2015
380,Battlefield: Bad Company 2,0,2010
381,Guitar Hero: On Tour,0,2008
382,Assassin's Creed: Unity,0,2014
383,Far Cry 3,0,2012
384,Monster Hunter 4,3,2013
385,Borderlands,0,2009
386,Tekken 4,0,2002
387,Battlefield 4,0,2013
388,LittleBigPlanet 2,0,2011
389,Grand Theft Auto 2,0,1998
390,Final Fantasy III,0,1994
391,Spider-Man 2,0,2004
392,F-1 Race,0,1990
393,FIFA Soccer 2003,0,2002
394,Crash Bash,0,2000
395,LEGO Batman: The Videogame,0,2008
396,Metal Gear Solid V: The Phantom Pain,0,2015
397,The Legend of Zelda: Spirit Tracks,0,2009
398,WWF War Zone,0,1998
399,The Legend of Zelda: Majora's Mask,0,2000
400,Professor Layton and the Unwound Future,0,2008
401,Rugrats: Search For Reptar,0,1998
402,Assassin's Creed IV: Black Flag,0,2013
403,English Training: Have Fun Improving Your Skills!,0,2006
404,James Bond 007: Nightfire,0,2002
405,Ratchet & Clank,0,2002
406,Mario Party 9,0,2012
407,Star Wars Episode III: Revenge of the Sith,0,2005
408,Max Payne,0,2001
409,The Lord of the Rings: The Return of the King,0,2003
410,Assassin's Creed Syndicate,0,2015
411,Destiny,0,2014
412,True Crime: Streets of LA,0,2003
413,Wii Music,0,2008
414,Gran Turismo (PSP),0,2009
415,Monster Hunter X,3,2015
416,Tekken,0,1995
417,FIFA 16,0,2015
418,L.A. Noire,0,2011
419,Madden NFL 16,0,2015
420,Yokai Watch 2 Ganso/Honke,3,2014
421,007: Tomorrow Never Dies,0,1999
422,Baseball,0,1983
423,Killer Instinct,0,1995
424,WWF SmackDown! 2: Know Your Role,0,2000
425,Crisis Core: Final Fantasy VII,0,2007
426,God of War: Chains of Olympus,0,2008
427,Dragon Quest VI: Maboroshi no Daichi,0,1995
428,Dance Central,0,2010
429,Enter the Matrix,0,2003
430,Super Mario Maker,0,2015
431,Fallout: New Vegas,0,2010
432,LEGO Batman: The Videogame,0,0
433,Rhythm Heaven,0,2008
434,Ace Combat 04: Shattered Skies,0,2001
435,Club Penguin: Elite Penguin Force,0,2008
436,Animal Crossing,0,2001
437,LEGO Batman: The Videogame,0,2008
438,Sonic Rush,0,2005
439,Resident Evil 6,0,2012
440,Halo: The Master Chief Collection,0,2014
441,FIFA Soccer 08,0,2007
442,Spider-Man,0,2000
443,Need for Speed III: Hot Pursuit,0,1998
444,Star Wars Episode I Racer,0,1999
445,Personal Trainer: Cooking,0,2006
446,The Elder Scrolls IV: Oblivion,0,2007
447,Dragon Warrior IV,0,1990
448,Heavy Rain,0,2010
449,Mass Effect 2,0,2010
450,FIFA 15,0,2014
451,Dragon Ball Z: Budokai,0,2002
452,Madden NFL 2002,0,2001
453,World Class Track Meet,0,1986
454,Borderlands 2,0,2012
455,The Legend of Zelda: A Link Between Worlds,3,2013
456,Donkey Kong,0,1994
457,The Sims: Vacation,0,2002
458,Mass Effect 3,0,2012
459,Kung Fu Panda,0,2008
460,Far Cry 3,0,2012
461,Epic Mickey,0,2010
462,Saints Row 2,0,2008
463,Rayman,0,1995
464,Killzone 2,0,2009
465,Tom Clancy's Splinter Cell,0,2002
466,Mike Tyson's Punch-Out!!,0,1987
467,WWE SmackDown! Shut Your Mouth,0,2002
468,Gears of War: Ultimate Edition,0,2015
469,NBA 2K13,0,2012
470,Dragon Ball Z: Budokai Tenkaichi 3,0,2007
471,wwe Smackdown vs. Raw 2006,0,0
472,Middle-Earth: Shadow of Mordor,0,2014
473,Star Fox,0,1993
474,The Sims: Livin Large,0,2000
475,World Soccer Winning Eleven 6 International,0,2002
476,Devil May Cry,0,2001
477,Animal Crossing: Happy Home Designer,3,2015
478,Battlefield: Bad Company 2,0,2010
479,The Sims 4,0,2014
480,Star Wars: The Old Republic,0,2011
481,Sonic Heroes,0,2003
482,Kirby Super Star Ultra,0,2008
483,Hitman 2: Silent Assassin,0,2002
484,Street Fighter IV,0,2009
485,Wave Race 64,0,1996
486,SOCOM II: U.S. Navy SEALs,0,2003
487,WWE SmackDown! vs. RAW 2006,0,2005
488,inFAMOUS,0,2009
489,Pac-Man Collection,0,2001
490,Mass Effect,0,2007
491,WarioWare: Smooth Moves,0,2006
492,Cooking Mama: Cook Off,0,2007
493,Super Mario World 2: Yoshi's Island,0,2002
494,FIFA 14,0,2013
495,Titanfall,0,2014
496,Sonic Mega Collection Plus,0,2004
497,Sega Superstars Tennis,0,2008
498,World Soccer Winning Eleven 7 International,0,2003
499,Need for Speed: Most Wanted,0,2012
500,Hot Shots Golf 3,0,2001
501,Call of Duty: Finest Hour,0,2004
502,Zumba Fitness 2,0,2011
503,Syphon Filter,0,1999
504,Imagine: Babyz,0,2007
505,Colin McRae Rally,0,1998
506,Call of Duty: Ghosts,0,2013
507,Madden NFL 13,0,2012
508,The Elder Scrolls III: Morrowind,0,2002
509,Mortal Kombat,0,2011
510,F-Zero,0,1990
511,Yoshi's Story,0,1997
512,Command & Conquer: Red Alert,0,1996
513,Skylanders: Spyro's Adventure,0,2011
514,FIFA 16,0,2015
515,Assassin's Creed: Brotherhood,0,2010
516,BioShock,0,2007
517,Madden NFL 10,0,2009
518,Medal of Honor,0,2010
519,WWE SmackDown! vs. Raw,0,2002
520,Metroid Prime,0,2002
521,Finding Nemo,0,2003
522,Myst,0,1994
523,Need for Speed: Hot Pursuit,0,2010
524,Imagine: Fashion Designer,0,2007
525,WWE SmackDown! Here Comes the Pain,0,2003
526,Star Wars: The Force Unleashed,0,2008
527,Yoshi's Island DS,0,2006
528,Hot Shots Golf,0,1997
529,Killzone 3,0,2011
530,A Bug's Life,0,1998
531,WWF SmackDown! Just Bring It,0,2001
532,Dragon Quest V: Tenkuu no Hanayome,0,1992
533,Mortal Kombat Trilogy,0,1996
534,Battlefield 3,0,2011
535,NBA Street,0,2001
536,Professor Layton and the Last Specter,0,2009
537,Monster Hunter Tri,3,2011
538,Jak II,0,2003
539,inFAMOUS: Second Son,0,2014
540,Ratchet & Clank: Going Commando,0,2003
541,Tekken 6,0,2009
542,The Sims,0,2003
543,Sonic and the Secret Rings,0,2007
544,Saints Row: The Third,0,2011
545,Missile Command,2600,1980
546,Mario Paint,0,1992
547,Assassin's Creed IV: Black Flag,0,2013
548,Pokémon Stadium 2,0,2000
549,Metroid,0,1986
550,L.A. Noire,0,2011
551,Call of Duty 3,0,2006
552,The Legend of Zelda: A Link to the Past,0,2002
553,Onimusha: Warlords,0,2001
554,Mortal Kombat X,0,2015
555,Mario Party,0,1998
556,Madden NFL 12,0,2011
557,LEGO Star Wars II: The Original Trilogy,0,2006
558,Madden NFL 11,0,2010
559,Mario vs. Donkey Kong: Mini-Land Mayhem!,0,2010
560,Skate 3,0,2010
561,Burnout 3: Takedown,0,2004
562,Yokai Watch 2 Shinuchi,3,2014
563,Need for Speed: Shift,0,2009
564,Final Fantasy XIII-2,0,2011
565,Mortal Kombat,0,1992
566,Call Of Duty 2: Big Red One,0,2005
567,Guitar Hero: World Tour,0,2008
568,Medal of Honor,0,1998
569,Fable,0,2004
570,Hannah Montana,0,2006
571,Tom Clancy's Splinter Cell,0,2003
572,Skylanders Giants,0,2012
573,Medal of Honor Heroes,0,2006
574,Super Mario Bros.: The Lost Levels,0,1986
575,Star Wars: Shadows of the Empire,0,1996
576,LEGO Star Wars: The Complete Saga,0,2007
577,Midnight Club: Street Racing,0,2000
578,Pac-Man: Adventures in Time,0,2006
579,Halo Wars,0,2009
580,God of War Collection,0,2009
581,ESPN NFL 2K5,0,2004
582,Mario Strikers Charged,0,2007
583,Medal of Honor,0,2010
584,FIFA Soccer 10,0,2009
585,NBA 2K12,0,2011
586,Style Savvy,0,2008
587,Harry Potter and the Chamber of Secrets,0,2002
588,Super Mario All-Stars: Limited Edition,0,2010
589,Streets of Rage,0,1990
590,FIFA Soccer 09,0,2008
591,Ratchet & Clank Future: Tools of Destruction,0,2007
592,NBA Live 2005,0,2004
593,LittleBigPlanet,0,2009
594,Killzone: Shadow Fall,0,2013
595,Ghostbusters: The Video Game (DS Version),0,2009
596,Monster Hunter Freedom 2,0,2007
597,WWE SmackDown vs. RAW 2007,0,2006
598,Ratchet & Clank: Up Your Arsenal,0,2004
599,Art Academy,0,2010
600,Dragon Age: Origins,0,2009
601,Madden NFL 08,0,2007
602,Sonic Adventure 2 Battle,0,2001
603,Dragon Warrior II,0,1987
604,Madden NFL 13,0,2012
605,Pokémon Colosseum,0,2003
606,Deca Sports,0,2008
607,Madden NFL 09,0,2008
608,Space Invaders,2600,0
609,Crazy Taxi,0,2001
610,Perfect Dark,0,2000
611,Game Party,0,2007
612,Dragon Warrior,0,1986
613,Tomb Raider (2013),0,2013
614,Marvel: Ultimate Alliance,0,2006
615,PES 2009: Pro Evolution Soccer,0,2008
616,Mario Party 2,0,1999
617,Saints Row: The Third,0,2011
618,Rockstar Games Double Pack: Grand Theft Auto III & Grand Theft Auto Vice City,0,2003
619,LEGO Harry Potter: Years 1-4,0,2010
620,Mortal Kombat: Deadly Alliance,0,2002
621,Resistance 2,0,2008
622,Pure,0,2008
623,Tomb Raider: The Last Revelation,0,1998
624,NBA 2K13,0,2012
625,Rock Band,0,0
626,NBA 2K14,0,2013
627,Mario Party 4,0,2002
628,uDraw Studio,0,2010
629,Midnight Club: Los Angeles,0,2008
630,Final Fantasy V,0,1992
631,Final Fantasy Tactics,0,1997
632,Twisted Metal 2,0,1996
633,Halo: Combat Evolved Anniversary,0,2011
634,Need for Speed Carbon: Own the City,0,2006
635,The Sims: Bustin' Out,0,2003
636,Riven: The Sequel to Myst,0,1997
637,Tom Clancy's Rainbow Six: Vegas 2,0,2008
638,Sonic Adventure,0,1998
639,Ice Hockey,0,1988
640,pro evolution soccer 2011,0,2010
641,Dragon Ball Z: Budokai 2,0,2003
642,ATV Offroad Fury,0,2001
643,Dino Crisis,0,1998
644,Minecraft,0,2014
645,Need for Speed: ProStreet,0,2007
646,Madden NFL 16,0,2015
647,Tetris Plus,0,1996
648,Pro Wrestling,0,1987
649,Theme Hospital,0,1997
650,Frogger's Adventures: Temple of the Frog,0,0
651,Need for Speed (2015),0,2015
652,Zumba Fitness,0,2010
653,LEGO Indiana Jones: The Original Adventures,0,0
655,Monopoly,0,1994
656,Batman: Arkham Origins,0,2013
657,Dead Island,0,2011
658,Guitar Hero,0,2005
659,LEGO Star Wars: The Complete Saga,0,2007
660,Kinect: Disneyland Adventures,0,2011
661,WCW/nWo Revenge,0,1998
662,Bloodborne,0,2015
663,NBA 2K15,0,2014
664,Madden NFL 11,0,2010
665,Yu-Gi-Oh! The Duelists of the Roses,0,2001
666,Madden NFL 08,0,2007
667,Half-Life 2,0,2004
668,The Incredibles,0,2004
669,Tony Hawk's Underground 2,0,2004
670,Madden NFL 10,0,2009
671,Kinect Sports: Season Two,0,2011
672,Kirby's Dream Land 2,0,1995
673,LEGO Harry Potter: Years 1-4,0,2010
674,Donkey Kong Land II,0,1996
675,Dragon Warrior Monsters,0,1998
676,Midnight Club: Los Angeles,0,2008
677,Skylanders SWAP Force,0,2013
678,WWE SmackDown vs Raw 2008,0,2007
679,My Fitness Coach,0,2008
680,Resident Evil - Code: Veronica X,0,2001
681,The Sims 3,0,2010
682,The Legend of Zelda: Majora's Mask 3D,3,2015
683,NBA 2K16,0,2015
684,Just Dance Kids,0,2010
685,Mario Tennis,0,2000
686,Grand Theft Auto,0,1997
687,James Bond 007: Everything or Nothing,0,2004
688,WarioWare Touched!,0,2004
689,Need For Speed: High Stakes,0,1999
690,Chrono Trigger,0,1995
691,Cool Boarders 3,0,1998
692,LEGO Marvel Super Heroes,0,2013
693,Guild Wars 2,0,2012
694,Pokemon Ranger: Shadows of Almia,0,2008
695,Dead Island,0,2011
696,Tomb Raider II,0,1997
697,God of War: Ascension,0,2013
698,Need for Speed Underground 2,0,2004
699,Pro Evolution Soccer 2010,0,2009
700,Just Dance 2015,0,2014
701,Yokai Watch Busters,3,2015
702,Mario Bros.,0,1983
703,FIFA Soccer 09,0,2008
704,Star Wars: The Force Unleashed,0,2008
705,Borderlands 2,0,2012
706,TOCA Touring Car Championship,0,1997
707,Paper Mario: Sticker Star,3,2012
708,Sonic's Ultimate Genesis Collection,0,2009
709,Super Monkey Ball: Banana Blitz,0,2006
710,Kirby: Nightmare in Dream Land,0,2002
711,Wario Land 4,0,2001
712,Guitar Hero III: Legends of Rock,0,2007
713,Call of Duty 3,0,0
714,Resident Evil 4,0,2007
715,Minecraft,0,2014
716,Onimusha 2: Samurai's Destiny,0,2002
717,Cool Boarders 2,0,1997
718,Paper Mario: The Thousand-Year Door,0,2004
719,Madden NFL 12,0,2011
720,Monster Hunter Tri,0,2009
721,Dissidia: Final Fantasy,0,2008
722,Sonic Advance,0,2001
723,Spyro: Season of Ice,0,2001
724,Teenage Mutant Ninja Turtles II: The Arcade Game,0,1990
725,LEGO Indiana Jones: The Original Adventures,0,2008
726,Dance Dance Revolution X2,0,2009
727,New Super Luigi U,0,2013
728,Prince of Persia: The Sands of Time,0,2003
729,Scribblenauts,0,2009
730,The Legend of Zelda: Link's Awakening DX,0,1998
731,Need for Speed: Hot Pursuit,0,2010
732,BioShock 2,0,2010
733,Assassin's Creed IV: Black Flag,0,2013
734,Devil May Cry 3: Dante's Awakening Special Edition,0,2006
735,Rock Band 2,0,2008
736,Frogger,2600,1981
737,Guitar Hero II,0,2007
738,Wario Land 3,0,2000
739,Pro Yakyuu Family Stadium,0,1986
740,Sonic Unleashed,0,2008
741,High School Musical: Makin' the Cut!,0,2007
742,Pro Evolution Soccer 2012,0,2011
743,Saints Row,0,2006
744,Star Wars: Knights of the Old Republic,0,2003
745,Kirby's Pinball Land,0,1992
746,Donkey Kong Country,0,2000
747,Hitman: Absolution,0,2012
748,Yu-Gi-Oh: Duel Monsters 4,0,2000
749,ATV Offroad Fury 2,0,2002
750,Forza Motorsport 5,0,2013
751,Madden NFL 25,0,2013
752,Pokemon Ranger,0,2006
753,Mario & Luigi: Superstar Saga,0,2003
754,Final Fantasy XIII,0,2010
755,Star Wars: Rogue Squadron,0,1998
756,Tennis,0,1984
757,The Sims: House Party,0,2001
758,Your Shape featuring Jenny McCarthy,0,2009
759,Syphon Filter 2,0,2000
760,Tom Clancy's Rainbow Six: Siege,0,2015
761,Volleyball,0,1987
762,FIFA 15,0,2014
763,Call of Duty: Roads to Victory,0,2007
764,Super Mario RPG: Legend of the Seven Stars,0,1996
765,Mahjong,0,1983
766,R.C. Pro-Am,0,1988
767,SimCity 2000,0,1992
768,Demon Attack,2600,1981
769,Dance Dance Revolution Extreme,0,2004
770,Tetris DS,0,2006
771,Final Fantasy Tactics Advance,0,2003
772,Far Cry: Primal,0,2016
773,Toy Story 3: The Video Game,0,2010
774,Final Fantasy III,0,2006
775,Kirby's Epic Yarn,0,2010
776,Project Gotham Racing,0,2001
777,Golf,0,1989
778,NBA 2K12,0,2011
779,Borderlands,0,2009
780,Tony Hawk's Pro Skater,0,2000
781,PES 2009: Pro Evolution Soccer,0,2008
782,Need for Speed: Hot Pursuit 2,0,2002
783,Mario Sports Mix,0,2010
784,Rock Band,0,0
785,Dynasty Warriors 4,0,2003
786,Mortal Kombat,0,2011
787,Parasite Eve,0,1998
788,Scooby-Doo! Night of 100 Frights,0,2002
789,Project Gotham Racing (JP weekly sales),0,2002
790,Need for Speed: Most Wanted 5-1-0,0,2005
791,Portal 2,0,2011
792,Devil May Cry 3: Dante's Awakening,0,2005
793,Derby Stallion,0,1997
794,Dead Rising,0,2006
795,Finding Nemo,0,2003
796,NBA 2K11,0,2010
797,Wipeout: The Game,0,2009
798,The Sims 2: Pets,0,2006
799,Battlefield: Hardline,0,2015
800,Metal Gear Solid: Peace Walker,0,2010
801,World of Warcraft: Cataclysm,0,2010
802,Tetris Worlds,0,2002
803,Need For Speed: Undercover,0,2008
804,Dance Dance Revolution: Hottest Party,0,2007
805,Mario Party 5,0,2003
806,Ghostbusters: The Video Game (DS Version),0,2010
807,Sim Theme Park,0,1998
808,Warcraft: Orcs & Humans,0,1994
809,Skate 3,0,2010
810,Spec Ops: Airborne Commando,0,2002
811,Kingdom Hearts: Birth by Sleep,0,2010
812,UFC 2009 Undisputed,0,2009
813,Dark Souls,0,2011
814,Yu-Gi-Oh! The Eternal Duelist Soul,0,2001
815,Need for Speed: ProStreet,0,2007
816,The Sims 3,0,2010
817,Tom Clancy's Splinter Cell: Conviction,0,2010
818,Pokemon Mystery Dungeon: Red/Blue Rescue Team,0,2005
819,The Incredibles,0,2004
820,R4: Ridge Racer Type 4,0,1998
821,SoulCalibur II,0,2003
822,Mario & Luigi: Dream Team,3,2013
823,Need for Speed: ProStreet,0,2007
824,Carnival Games,0,2008
825,NBA 2K14,0,2013
826,Pokémon Mystery Dungeon: Blue Rescue Team,0,2005
827,Sonic Mega Collection,0,2002
828,Diablo III,0,2013
829,NBA Jam,0,1992
830,PGR4 - Project Gotham Racing 4,0,2007
831,Kingdom Hearts 358/2 Days,0,2009
832,Dance Central 2,0,2011
833,Rayman Raving Rabbids: TV Party,0,2008
834,SOCOM: U.S. Navy SEALs: Combined Assault,0,2006
835,Peter Jackson's King Kong: The Official Game of the Movie,0,2005
836,Donkey Kong Country,0,2003
837,Need for Speed: The Run,0,2011
838,Madden NFL 15,0,2014
839,1080°: TenEighty Snowboarding,0,1998
840,Just Dance 3,0,2011
841,NBA Live 2004,0,2003
842,Dead Space,0,2008
843,Call of Duty 2,0,2005
844,Madden NFL 15,0,2014
845,Forza Horizon,0,2012
846,TouchMaster,0,2007
847,Tom Clancy's The Division,0,2016
848,LEGO Marvel Super Heroes,0,2013
849,Fire Emblem: Awakening,3,2012
850,DriveClub,0,2014
851,Super Street Fighter II,0,1993
852,Mortal Kombat vs. DC Universe,0,2008
853,Tenchu: Stealth Assassins,0,1997
854,Tennis,0,1989
855,Harry Potter and the Chamber of Secrets,0,2002
856,Harry Potter and the Chamber of Secrets,0,2002
857,SimCity,0,1991
858,Battlefield 4,0,2013
859,Resident Evil 6,0,2012
860,Dragon Age: Inquisition,0,2014
861,Sonic Classic Collection,0,2010
862,Spyro: Enter the Dragonfly,0,2002
863,Call of Duty: World at War,0,2008
864,Devil May Cry 2,0,2003
865,Burnout Paradise,0,2008
866,E.T.: The Extra Terrestrial,2600,1981
867,BioShock Infinite,0,2013
868,Hot Shots Golf: Open Tee,0,2004
869,Rad Racer,0,1986
870,Soccer,0,1985
871,Kirby Squeak Squad,0,2006
872,Tom Clancy's Rainbow Six: Vegas,0,2006
873,Destiny,0,2014
874,Crash Nitro Kart,0,2003
875,Grand Theft Auto: San Andreas,0,2005
876,Star Wars: Dark Forces,0,1994
877,NBA Street Vol. 2,0,2003
878,Def Jam Vendetta,0,2003
879,FIFA Soccer 09,0,2008
880,Who wants to be a millionaire,0,1999
881,Scooby Doo and the Cyber Chase,0,2001
882,Alleyway,0,1989
883,Dragon Ball Z: Budokai 3,0,2004
884,Jet Moto 2,0,1997
885,Tom Clancy's Ghost Recon,0,2002
886,X-Men Legends,0,2004
887,Batman: Arkham Origins,0,2013
888,Guitar Hero: World Tour,0,2008
889,Mortal Kombat II,0,1993
890,Virtua Fighter 2,0,1995
891,Tetris DX,0,1998
892,Mortal Kombat vs. DC Universe,0,2008
893,Watch Dogs,0,2014
894,Mario Super Sluggers,0,2008
895,Tomb Raider (2013),0,2013
896,The Legend of Zelda: Oracle of Ages,0,2001
897,Need for Speed: Shift,0,2009
898,Monopoly,0,2008
899,Red Faction,0,2001
900,The Sims: Makin' Magic,0,2003
901,MX Unleashed,0,2004
902,PaRappa The Rapper,0,1996
903,Toy Story Mania!,0,2009
904,Mario Party 3,0,2000
905,Star Wars: The Force Unleashed,0,2008
906,Game Party 2,0,2008
907,Destiny: The Taken King,0,2015
908,LEGO Star Wars III: The Clone Wars,0,2011
909,Star Wars Rogue Leader: Rogue Squadron II,0,2001
910,Max Payne 3,0,2012
911,Need for Speed Rivals,0,2013
912,Madden NFL 09,0,2008
913,Yokai Watch,3,2013
914,Ratchet & Clank Future: A Crack in Time,0,2009
915,Yu-Gi-Oh! Forbidden Memories,0,1999
916,Mortal Kombat: Deception,0,2004
917,Hot Shots Golf 2,0,1999
918,Medal of Honor: European Assault (All Region sales),0,2005
919,WCW Nitro,0,1998
920,High School Musical: Sing It!,0,2007
921,Star Fox Adventures,0,2002
922,FIFA 2000,0,1998
923,Dynasty Warriors 3,0,2001
924,Donkey Kong Country Returns,3,2013
925,The Legend of Zelda: Oracle of Seasons,0,2001
926,Madden NFL 06,0,2005
927,Shrek 2,0,2004
928,The Legend of Dragoon,0,1999
929,Turok 2: Seeds of Evil,0,1997
930,SingStar,0,2004
931,LittleBigPlanet 3,0,2014
932,NBA Live 2002,0,2001
933,Phineas and Ferb,0,2009
934,Chrono Cross,0,1999
935,GoldenEye 007 (2010),0,2010
936,Mario Party: Island Tour,3,2013
937,Jak 3,0,2004
938,Rayman Raving Rabbids 2,0,2007
939,Kingdom Hearts: Chain of Memories,0,2004
940,Pinball,0,1984
941,inFAMOUS 2,0,2011
942,Gran Turismo Concept 2001 Tokyo,0,2001
943,Demon's Souls,0,2009
944,NCAA Football 06,0,2005
0,""Hey You,0,0
946,2 Games in 1: Sonic Advance & ChuChu Rocket!,0,2005
947,World of Warcraft: Mists of Pandaria,0,2012
948,Jet Moto,0,1996
949,Just Cause 3,0,2015
950,Secret of Mana,0,1993
951,The Orange Box,0,2007
952,Air Combat,0,1995
953,Kirby: Triple Deluxe,3,2014
954,Sonic & Knuckles,0,1994
955,Namco Museum,0,2001
956,The Sims: Hot Date,0,2001
957,Metroid Prime 3: Corruption,0,2007
958,Dragon Quest VI: Realms of Revelation,0,2010
959,The Evil Within,0,2014
960,DDRMAX2: Dance Dance Revolution,0,2003
961,Crazy Taxi,0,2000
962,Virtua Fighter 4,0,2002
963,Sly 2: Band of Thieves,0,2004
964,Guitar Hero: World Tour,0,2008
965,Sonic Advance 2,0,2002
966,Madden NFL 07,0,2006
967,NBA 2K11,0,2010
968,NFL GameDay 2000,0,1999
969,Call of Duty: Black Ops 3,0,2015
970,Disney's The Lion King,0,1994
971,Beyond: Two Souls,0,2013
972,Kinect Star Wars,0,2012
973,Midnight Club II,0,2003
974,Dragon Quest Monsters: Joker,0,2006
975,SpongeBob SquarePants: SuperSponge,0,2001
976,The Getaway: Black Monday,0,2004
977,Professor Layton and the Mask of Miracle,3,2011
978,Just Cause 2,0,2010
979,Dragon's Dogma,0,2012
980,The Legend of Zelda: The Wind Waker,0,2013
981,50 Cent: Bulletproof,0,2005
982,High School Musical: Sing It!,0,2007
983,Wii Party U,0,2013
984,Madden NFL 25,0,2013
985,Final Fantasy II,0,1991
986,Kirby 64: The Crystal Shards,0,2000
987,Dead or Alive 3,0,2001
988,UFC 2009 Undisputed,0,2009
989,Metroid II: Return of Samus,0,1991
990,WWF Attitude,0,1998
991,The SpongeBob SquarePants Movie,0,2004
992,Golden Sun,0,2001
993,Sonic the Hedgehog 3,0,1994
994,Kid Icarus,0,1986
995,Def Jam: Fight for NY,0,2004
996,Tom Clancy's Ghost Recon,0,2002
997,State of Emergency,0,2002
998,BioShock Infinite,0,2013
999,Hitman: Absolution,0,2012
1000,2 Games in 1 Double Pack: The Incredibles / Finding Nemo: The Continuing Adventures,0,2007
